source,name,family,n,delta,theta_count,U,s,r,J,B,D,S,D_over_B,D_over_delta,negative_coefficients
bundle,bundle-0:shape-a=6332623/370881409,variable-insert-shape-boundary,6,590855669597640985598471/10775740230179796072754000,8,"[0, 1, 3]",2,0,[],0,0,0,,0,[]
bundle,bundle-0:shape-a=6332623/370881409,variable-insert-shape-boundary,6,590855669597640985598471/10775740230179796072754000,8,"[0, 1, 3]",2,1,[4],5/392,29/4480,29/4480,203/400,19242393268178207272775/162994667475211306371992,[]
bundle,bundle-0:shape-a=6332623/370881409,variable-insert-shape-boundary,6,590855669597640985598471/10775740230179796072754000,8,"[0, 2, 4]",2,0,[],0,0,0,,0,[]
bundle,bundle-0:shape-a=6332623/370881409,variable-insert-shape-boundary,6,590855669597640985598471/10775740230179796072754000,8,"[0, 2, 4]",2,1,[3],42/985,3297/246250,3297/246250,157/500,142110462155611150607479752/581992834553676370814493935,[]
bundle,bundle-1:n=7-duplicate-split,multi-insert-duplicate,7,590855669597640985598471/10775740230179796072754000,12,"[0, 1, 3]",2,0,[],0,0,0,,0,[]
bundle,bundle-1:n=7-duplicate-split,multi-insert-duplicate,7,590855669597640985598471/10775740230179796072754000,12,"[0, 1, 3]",2,1,[4],5/392,29/4480,29/4480,203/400,19242393268178207272775/162994667475211306371992,[]
bundle,bundle-1:n=7-duplicate-split,multi-insert-duplicate,7,590855669597640985598471/10775740230179796072754000,12,"[0, 2, 4]",2,0,[],0,0,0,,0,[]
bundle,bundle-1:n=7-duplicate-split,multi-insert-duplicate,7,590855669597640985598471/10775740230179796072754000,12,"[0, 2, 4]",2,1,[3],42/985,3297/246250,3297/246250,157/500,142110462155611150607479752/581992834553676370814493935,[]
bundle,bundle-2:n=9-duplicate-split,multi-insert-duplicate,9,590855669597640985598471/10775740230179796072754000,20,"[0, 1, 3]",2,0,[],0,0,0,,0,[]
bundle,bundle-2:n=9-duplicate-split,multi-insert-duplicate,9,590855669597640985598471/10775740230179796072754000,20,"[0, 1, 3]",2,1,[4],5/392,29/4480,29/4480,203/400,19242393268178207272775/162994667475211306371992,[]
bundle,bundle-2:n=9-duplicate-split,multi-insert-duplicate,9,590855669597640985598471/10775740230179796072754000,20,"[0, 2, 4]",2,0,[],0,0,0,,0,[]
bundle,bundle-2:n=9-duplicate-split,multi-insert-duplicate,9,590855669597640985598471/10775740230179796072754000,20,"[0, 2, 4]",2,1,[3],42/985,3297/246250,3297/246250,157/500,142110462155611150607479752/581992834553676370814493935,[]
bundle,bundle-3:shape-a=699134/40946035,variable-insert-shape-boundary,6,240056644205627653309/4378037093644339853000,8,"[0, 1, 3]",2,0,[],0,0,0,,0,[]
bundle,bundle-3:shape-a=699134/40946035,variable-insert-shape-boundary,6,240056644205627653309/4378037093644339853000,8,"[0, 1, 3]",2,1,[4],5/392,29/4480,29/4480,203/400,15635846763015499475/132445045078966981136,[]
bundle,bundle-3:shape-a=699134/40946035,variable-insert-shape-boundary,6,240056644205627653309/4378037093644339853000,8,"[0, 2, 4]",2,0,[],0,0,0,,0,[]
bundle,bundle-3:shape-a=699134/40946035,variable-insert-shape-boundary,6,240056644205627653309/4378037093644339853000,8,"[0, 2, 4]",2,1,[3],42/985,3297/246250,3297/246250,157/500,57737553190981553981364/236455794542543238509365,[]
bundle,bundle-4:shape-a=40417/2367094,variable-insert-shape-boundary,6,5083897521949/92717666720000,8,"[0, 1, 3]",2,0,[],0,0,0,,0,[]
bundle,bundle-4:shape-a=40417/2367094,variable-insert-shape-boundary,6,5083897521949/92717666720000,8,"[0, 1, 3]",2,1,[4],5/392,29/4480,29/4480,203/400,600181324750/5083897521949,[]
bundle,bundle-4:shape-a=40417/2367094,variable-insert-shape-boundary,6,5083897521949/92717666720000,8,"[0, 2, 4]",2,0,[],0,0,0,,0,[]
bundle,bundle-4:shape-a=40417/2367094,variable-insert-shape-boundary,6,5083897521949/92717666720000,8,"[0, 2, 4]",2,1,[3],42/985,3297/246250,3297/246250,157/500,244552117740672/1001527811823953,[]
bundle,bundle-5:shape-a=8537/500000,variable-insert-shape-boundary,6,214773927937/3916940577200,8,"[0, 1, 3]",2,0,[],0,0,0,,0,[]
bundle,bundle-5:shape-a=8537/500000,variable-insert-shape-boundary,6,214773927937/3916940577200,8,"[0, 1, 3]",2,1,[4],5/392,29/4480,29/4480,203/400,202841565605/1718191423496,[]
bundle,bundle-5:shape-a=8537/500000,variable-insert-shape-boundary,6,214773927937/3916940577200,8,"[0, 2, 4]",2,0,[],0,0,0,,0,[]
bundle,bundle-5:shape-a=8537/500000,variable-insert-shape-boundary,6,214773927937/3916940577200,8,"[0, 2, 4]",2,1,[3],42/985,3297/246250,3297/246250,157/500,258283061660568/1057761595089725,[]
bundle,bundle-6:shape-a=1/60,variable-insert-shape-boundary,6,25785673/470027600,8,"[0, 1, 3]",2,0,[],0,0,0,,0,[]
bundle,bundle-6:shape-a=1/60,variable-insert-shape-boundary,6,25785673/470027600,8,"[0, 1, 3]",2,1,[4],5/392,29/4480,29/4480,203/400,24340715/206285384,[]
bundle,bundle-6:shape-a=1/60,variable-insert-shape-boundary,6,25785673/470027600,8,"[0, 2, 4]",2,0,[],0,0,0,,0,[]
bundle,bundle-6:shape-a=1/60,variable-insert-shape-boundary,6,25785673/470027600,8,"[0, 2, 4]",2,1,[3],42/985,3297/246250,3297/246250,157/500,30993619944/126994439525,[]
bundle,bundle-7:original-h-active-boundary,compensated-insert-boundary,6,43325321/783235600,8,"[0, 1, 3]",2,0,[],0,0,0,,0,[]
bundle,bundle-7:original-h-active-boundary,compensated-insert-boundary,6,43325321/783235600,8,"[0, 1, 3]",2,1,[4],5/392,29/4480,29/4480,203/400,40560415/346602568,[]
bundle,bundle-7:original-h-active-boundary,compensated-insert-boundary,6,43325321/783235600,8,"[0, 2, 4]",2,0,[],0,0,0,,0,[]
bundle,bundle-7:original-h-active-boundary,compensated-insert-boundary,6,43325321/783235600,8,"[0, 2, 4]",2,1,[3],42/985,3297/246250,3297/246250,157/500,51646555464/213377205925,[]
bundle,bundle-8:bundle-record-y=681/10000,compensated-insert,6,55319/1000000,8,"[0, 2, 4]",2,0,[],0,0,0,,0,[]
bundle,bundle-8:bundle-record-y=681/10000,compensated-insert,6,55319/1000000,8,"[0, 2, 4]",2,1,[3],42/985,3297/246250,3297/246250,157/500,2637600/10897843,[]
fresh,fresh-alpha=183/200,fresh-two-carrier-insert-alpha-sequence,6,83667/1625000,7,"[0, 2, 4]",2,0,[],0,0,0,,0,[]
fresh,fresh-alpha=183/200,fresh-two-carrier-insert-alpha-sequence,6,83667/1625000,7,"[0, 2, 4]",2,1,[3],183/6539,3111/1307800,3111/1307800,17/200,648125/14028167,[]
fresh,fresh-alpha=187/200,fresh-two-carrier-insert-alpha-sequence,6,1516271/24250000,7,"[0, 2, 4]",2,0,[],0,0,0,,0,[]
fresh,fresh-alpha=187/200,fresh-two-carrier-insert-alpha-sequence,6,1516271/24250000,7,"[0, 2, 4]",2,1,[3],6545/195164,17017/7806560,17017/7806560,13/200,53178125/1525368626,[]
fresh,fresh-alpha=189/200,fresh-two-carrier-insert-alpha-sequence,6,1768787/24125000,7,"[0, 2, 4]",2,0,[],0,0,0,,0,[]
fresh,fresh-alpha=189/200,fresh-two-carrier-insert-alpha-sequence,6,1768787/24125000,7,"[0, 2, 4]",2,1,[3],3780/97079,2079/970790,2079/970790,11/200,25987500/889699861,[]
fresh,fresh-alpha=19/20,fresh-two-carrier-insert-alpha-sequence,6,1007839/12000000,7,"[0, 2, 4]",2,0,[],0,0,0,,0,[]
fresh,fresh-alpha=19/20,fresh-two-carrier-insert-alpha-sequence,6,1007839/12000000,7,"[0, 2, 4]",2,1,[3],1425/32192,285/128768,285/128768,1/20,13359375/506943017,[]
fresh,fresh-alpha=191/200,fresh-two-carrier-insert-alpha-sequence,6,11859/125000,7,"[0, 2, 4]",2,0,[],0,0,0,,0,[]
fresh,fresh-alpha=191/200,fresh-two-carrier-insert-alpha-sequence,6,11859/125000,7,"[0, 2, 4]",2,1,[3],25/503,9/4024,9/4024,9/200,46875/1988359,[]
fresh,fresh-alpha=24/25,fresh-two-carrier-insert-alpha-sequence,6,31462/296875,7,"[0, 2, 4]",2,0,[],0,0,0,,0,[]
fresh,fresh-alpha=24/25,fresh-two-carrier-insert-alpha-sequence,6,31462/296875,7,"[0, 2, 4]",2,1,[3],528/9557,528/238925,528/238925,1/25,165000/7912693,[]
fresh,fresh-alpha=193/200,fresh-two-carrier-insert-alpha-sequence,6,3012617/23500000,7,"[0, 2, 4]",2,0,[],0,0,0,,0,[]
fresh,fresh-alpha=193/200,fresh-two-carrier-insert-alpha-sequence,6,3012617/23500000,7,"[0, 2, 4]",2,1,[3],12545/189128,17563/7565120,17563/7565120,7/200,54884375/3030692702,[]
fresh,fresh-alpha=97/100,fresh-two-carrier-insert-alpha-sequence,6,1756637/11625000,7,"[0, 2, 4]",2,0,[],0,0,0,,0,[]
fresh,fresh-alpha=97/100,fresh-two-carrier-insert-alpha-sequence,6,1756637/11625000,7,"[0, 2, 4]",2,1,[3],2425/31186,291/124744,291/124744,3/100,13640625/883588411,[]
fresh,fresh-alpha=971/1000,fresh-two-carrier-insert-alpha-sequence,6,751933/4625000,7,"[0, 2, 4]",2,0,[],0,0,0,,0,[]
fresh,fresh-alpha=971/1000,fresh-two-carrier-insert-alpha-sequence,6,751933/4625000,7,"[0, 2, 4]",2,1,[3],7768/93055,28159/11631875,28159/11631875,29/1000,5631800/378222299,[]
fresh,fresh-alpha=243/250,fresh-two-carrier-insert-alpha-sequence,6,1001639/5750000,7,"[0, 2, 4]",2,0,[],0,0,0,,0,[]
fresh,fresh-alpha=243/250,fresh-two-carrier-insert-alpha-sequence,6,1001639/5750000,7,"[0, 2, 4]",2,1,[3],4131/46276,28917/11569000,28917/11569000,7/250,7229250/503824417,[]
fresh,fresh-alpha=487/500,fresh-two-carrier-insert-alpha-sequence,6,2250919/11375000,7,"[0, 2, 4]",2,0,[],0,0,0,,0,[]
fresh,fresh-alpha=487/500,fresh-two-carrier-insert-alpha-sequence,6,2250919/11375000,7,"[0, 2, 4]",2,1,[3],9253/91546,9253/3521000,9253/3521000,13/500,15036125/1132212257,[]
fresh,fresh-alpha=39/40,fresh-two-carrier-insert-alpha-sequence,6,4750229/22625000,7,"[0, 2, 4]",2,0,[],0,0,0,,0,[]
fresh,fresh-alpha=39/40,fresh-two-carrier-insert-alpha-sequence,6,4750229/22625000,7,"[0, 2, 4]",2,1,[3],9750/91043,975/364172,975/364172,1/40,30468750/2389365187,[]
fresh,fresh-alpha=122/125,fresh-two-carrier-insert-alpha-sequence,6,62489/281250,7,"[0, 2, 4]",2,0,[],0,0,0,,0,[]
fresh,fresh-alpha=122/125,fresh-two-carrier-insert-alpha-sequence,6,62489/281250,7,"[0, 2, 4]",2,1,[3],854/7545,854/314375,854/314375,3/125,54900/4490281,[]
fresh,fresh-alpha=977/1000,fresh-two-carrier-insert-alpha-sequence,6,5248511/22375000,7,"[0, 2, 4]",2,0,[],0,0,0,,0,[]
fresh,fresh-alpha=977/1000,fresh-two-carrier-insert-alpha-sequence,6,5248511/22375000,7,"[0, 2, 4]",2,1,[3],10747/90037,247181/90037000,247181/90037000,23/1000,30897625/2640001033,[]
