family,params,k,n_rows,delta_exact,under_cap,phi_over_delta_exact,sum_phi_over_delta_exact,active_pivots_gt_delta_half,max_E_over_delta_exact,V_over_delta_exact,certification,charts_checked,notes
# caveat,"all rows are L3 numerical evidence, not rigorous proof of (EX)",,,,,,,,,,,,exact fields are rational strings; no float fields are certified evidence
two_anchor_overlapping_stars,"a=1/100; foreign=5; centers=0,4",7,21,1/100,True,11/8,11/4,2,2,0,certified_reduction,64,"basis=[0, 1, 2, 3, 4, 5, 13]; per_anchor_min=['11/8', '11/8']; Hadamard 4*R2*a^2=1/1250<1/4; BL=True; P2_via_BL=True; rowsum=True; DEF=True"
multi_anchor_repeated_star,a=1/100; foreign=5; anchors=3; repeated center=0 star,8,29,1/100,True,11/8,33/8,3,2,0,certified_reduction,512,"basis=[0, 1, 2, 3, 4, 5, 13, 21]; per_anchor_min=['11/8', '11/8', '11/8']; Hadamard 4*R2*a^2=1/1250<1/4; BL=True; P2_via_BL=True; rowsum=True; DEF=True"
multi_anchor_repeated_star,a=1/100; foreign=5; anchors=5; repeated center=0 star,10,45,1/100,True,11/8,55/8,5,2,0,certified_reduction,32768,"basis=[0, 1, 2, 3, 4, 5, 13, 21, 29, 37]; per_anchor_min=['11/8', '11/8', '11/8', '11/8', '11/8']; Hadamard 4*R2*a^2=1/1250<1/4; BL=True; P2_via_BL=True; rowsum=True; DEF=True"
two_anchor_complete_vs_star,a=1/100; foreign=4; anchor0=complete; anchor1=star(center=0),6,22,1/100,True,3/2,17/6,2,2,0,certified_reduction,72,"basis=[0, 1, 2, 3, 4, 16]; per_anchor_min=['3/2', '4/3']; Hadamard 4*R2*a^2=1/1250<1/4; BL=True; P2_via_BL=True; rowsum=True; DEF=True"
two_anchor_complete_vs_star,a=1/100; foreign=8; anchor0=complete; anchor1=star(center=0),10,78,1/100,True,7/4,89/28,2,2,0,certified_reduction,784,"basis=[0, 1, 2, 3, 4, 5, 6, 7, 8, 64]; per_anchor_min=['7/4', '10/7']; Hadamard 4*R2*a^2=1/1250<1/4; BL=True; P2_via_BL=True; rowsum=True; DEF=True"
archived_staircase,"original B6 normalization, outside cap; m=5; a=1/2; eps=1/1000; u=1/10",11,13,1/2,False,1,5005003/1000000,5,10,1/500000,full_enumeration,23,"basis=[1, 2, 3, 4, 5, 6, 7, 8, 9, 10, 11]; nonzero_phi=['1', '1', '1', '1', '1', '5003/1000000']; BL=True; P2=True; rowsum=True; DEF=True"
balanced_staircase_m5,balanced dual scale; m=5; a=1/5; eps=1/1000; u=5/33,11,13,13/33,False,26000099/26000000,7384623/2000000,6,66/13,33/13000000,full_enumeration,3,"basis=[1, 2, 3, 4, 5, 6, 7, 8, 9, 10, 11]; nonzero_phi=['7/13', '7/13', '7/13', '7/13', '7/13', '26000099/26000000']; BL=True; P2=True; rowsum=True; DEF=True"
balanced_staircase_m5,balanced dual scale; m=5; a=1/6; eps=1/1000; u=15/92,11,13,35/92,False,17500069/17500000,55000069/17500000,1,92/21,23/8750000,full_enumeration,3,"basis=[1, 2, 3, 4, 5, 6, 7, 8, 9, 10, 11]; nonzero_phi=['3/7', '3/7', '3/7', '3/7', '3/7', '17500069/17500000']; BL=True; P2=True; rowsum=True; DEF=True"
balanced_staircase_m5,balanced dual scale; m=5; a=1/8; eps=1/1000; u=10/57,11,13,20/57,False,40000171/40000000,90000171/40000000,1,57/16,57/20000000,full_enumeration,3,"basis=[1, 2, 3, 4, 5, 6, 7, 8, 9, 10, 11]; nonzero_phi=['1/4', '1/4', '1/4', '1/4', '1/4', '40000171/40000000']; BL=True; P2=True; rowsum=True; DEF=True"
balanced_staircase_m5,balanced dual scale; m=5; a=1/10; eps=1/1000; u=5/28,11,13,9/28,False,1500007/1500000,7000021/4500000,1,28/9,7/2250000,full_enumeration,3,"basis=[1, 2, 3, 4, 5, 6, 7, 8, 9, 10, 11]; nonzero_phi=['1/9', '1/9', '1/9', '1/9', '1/9', '1500007/1500000']; BL=True; P2=True; rowsum=True; DEF=True"
balanced_staircase_m5,balanced dual scale; m=5; a=1/12; eps=1/1000; u=3/17,11,13,5/17,False,10000051/10000000,10000051/10000000,1,17/6,17/5000000,full_enumeration,3,"basis=[1, 2, 3, 4, 5, 6, 7, 8, 9, 10, 11]; nonzero_phi=['10000051/10000000']; BL=True; P2=True; rowsum=True; DEF=True"
balanced_staircase_m5,balanced dual scale; m=5; a=1/16; eps=1/1000; u=20/121,11,13,30/121,True,20000121/20000000,20000121/20000000,1,121/48,121/30000000,full_enumeration,3,"basis=[1, 2, 3, 4, 5, 6, 7, 8, 9, 10, 11]; nonzero_phi=['20000121/20000000']; BL=True; P2=True; rowsum=True; DEF=True"
balanced_staircase_m5,balanced dual scale; m=5; a=1/20; eps=1/1000; u=5/33,11,13,7/33,True,14000099/14000000,14000099/14000000,1,33/14,33/7000000,full_enumeration,3,"basis=[1, 2, 3, 4, 5, 6, 7, 8, 9, 10, 11]; nonzero_phi=['14000099/14000000']; BL=True; P2=True; rowsum=True; DEF=True"
balanced_staircase_cap_scale,a=1/(4m); m=2; a=1/8; eps=1/1000; u=1/6,5,7,5/24,True,1250009/1250000,1250009/1250000,1,12/5,3/625000,full_enumeration,3,"basis=[1, 2, 3, 4, 5]; nonzero_phi=['1250009/1250000']; BL=True; P2=True; rowsum=True; DEF=True"
balanced_staircase_cap_scale,a=1/(4m); m=3; a=1/12; eps=1/1000; u=3/19,7,9,4/19,True,8000057/8000000,8000057/8000000,1,19/8,19/4000000,full_enumeration,3,"basis=[1, 2, 3, 4, 5, 6, 7]; nonzero_phi=['8000057/8000000']; BL=True; P2=True; rowsum=True; DEF=True"
balanced_staircase_cap_scale,a=1/(4m); m=4; a=1/16; eps=1/1000; u=2/13,9,11,11/52,True,5500039/5500000,5500039/5500000,1,26/11,13/2750000,full_enumeration,3,"basis=[1, 2, 3, 4, 5, 6, 7, 8, 9]; nonzero_phi=['5500039/5500000']; BL=True; P2=True; rowsum=True; DEF=True"
balanced_staircase_cap_scale,a=1/(4m); m=5; a=1/20; eps=1/1000; u=5/33,11,13,7/33,True,14000099/14000000,14000099/14000000,1,33/14,33/7000000,full_enumeration,3,"basis=[1, 2, 3, 4, 5, 6, 7, 8, 9, 10, 11]; nonzero_phi=['14000099/14000000']; BL=True; P2=True; rowsum=True; DEF=True"
balanced_staircase_cap_scale,a=1/(4m); m=6; a=1/24; eps=1/1000; u=3/20,13,15,17/80,True,425003/425000,425003/425000,1,40/17,1/212500,full_enumeration,3,"basis=[1, 2, 3, 4, 5, 6, 7, 8, 9, 10, 11, 12, 13]; nonzero_phi=['425003/425000']; BL=True; P2=True; rowsum=True; DEF=True"
balanced_staircase_cap_scale,a=1/(4m); m=8; a=1/32; eps=1/1000; u=4/27,17,19,23/108,True,11500081/11500000,11500081/11500000,1,54/23,27/5750000,full_enumeration,3,"basis=[1, 2, 3, 4, 5, 6, 7, 8, 9, 10, 11, 12, 13, 14, 15, 16, 17]; nonzero_phi=['11500081/11500000']; BL=True; P2=True; rowsum=True; DEF=True"
